"","Company","URL","HRTool","OpenPositions-15.05.2021"
"0","Olark","https://www.olark.com/jobs","","No"
"1","Help Scout","https://jobs.lever.co/helpscout","Lever",""
"2","Close","https://jobs.lever.co/close.io/","Lever",""
"3","Prezly","https://careers.prezly.com/","",""
"4","Skillcrush","https://skillcrush.breezy.hr/","Breezy",""
"5","Articulate","https://jobs.lever.co/articulate","Lever",""
"6","AULA","https://aulaeducation.recruitee.com/","Recruitee",""
"7","MangoLanguages","https://jobs.lever.co/mangolanguage/","Lever",""
"8","Fire Engine Red","https://www.fire-engine-red.com/career/","",""
"9","Stripe","https://stripe.com/jobs/search?l=remote","",""
"10","YNAB","https://www.youneedabudget.com/careers/#openings","","No"
"11","Xapo","https://boards.greenhouse.io/xapo61/","Greenhouse",""
"12","Blockchain","https://boards.greenhouse.io/blockchain","Greenhouse",""
"13","DollarSprout","https://www.dollarsprout.com/careers/","","No"
"14","MailerLite","https://www.mailerlite.com/jobs","","No"
"15","MailerSend","https://www.mailersend.com/jobs","","No"
"16","Zapier","https://zapier.com/jobs/#job-openings","",""
"17","Hotjar","https://careers.hotjar.com/","",""
"18","Edgar","https://meetedgar.com/careers/","","No"
"19","Buffer","https://journey.buffer.com/#vacancies","",""
"20","Xtensio","https://xtensio.com/careers/","","No"
"21","LeadsBridge","https://leadsbridge.freshteam.com/jobs/","","No"
"22","SkyVerge","https://apply.workable.com/skyverge/","Workable",""
"23","Memberful","https://memberful.com/jobs/","",""
"24","Arkency","https://blog.arkency.com/join-our-team/","","No"
"25","Automattic","https://automattic.com/work-with-us/","",""
"26","Clevertech","https://www.clevertech.biz/careers","",""
"27","DockYard","https://dockyardinc1.recruitee.com/","Recruitee",""
"28","Genuitec","https://www.genuitec.com/company/careers/","","No"
"29","Modern Tribe","https://modern-tribe.breezy.hr/","Breezy",""
"30","Guilded","https://jobs.lever.co/guilded/","Lever",""
"31","Semaphore CI","https://apply.workable.com/semaphore/","Workable",""
"32","Buildkite","https://jobs.lever.co/Buildkite/","Lever",""
"33","Knack","https://www.knack.com/jobs","",""
"34","InVision","https://www.invisionapp.com/careers","",""
"35","Collage","https://boards.greenhouse.io/collagecom/","Greenhouse",""
"36","1 Second Everyday","https://1secondeveryday.tilda.ws/jobs","","No"
"37","Uscreen","https://www.uscreen.tv/careers/","",""
"38","Superside","https://www.superside.com/career","",""
"39","84codes","https://www.84codes.com/career/","",""
"40","GitLab","https://boards.greenhouse.io/gitlab","Greenhouse",""
"41","Axelerant","https://www.axelerant.com/careers","",""
"42","BuddyBoss","https://www.buddyboss.com/careers/","",""
"43","Ghost","https://careers.ghost.org/","",""
"45","Zyte","https://apply.workable.com/zyte/","Workable",""
"46","Skyscrapers","https://skyscrapers.breezy.hr/","Breezy",""
"47","Sourcegraph","https://boards.greenhouse.io/sourcegraph91","Greenhouse",""
"49","Ycode","https://www.ycode.com/jobs","",""
"50","Sketch","https://jobs.lever.co/sketch/","Lever",""
"51","10up","https://jobs.lever.co/10up-2","Lever",""
"52","PitchLift","https://pitchlift.co/about/careers","","No"
"53","Bejamas","https://bejamas.io/careers/","",""
"55","Basecamp","https://basecamp.com/about/jobs","","No"
"56","Doist","https://apply.workable.com/doist/","Workable",""
"57","BestSelf","https://apply.workable.com/bestself/","Workable","No"
"58","Time Doctor","https://time-doctor.breezy.hr/","Breezy",""
"60","Toggl","https://www.toggl.com/jobs/","",""
"61","Dollar Flight Club","https://dollar-flight-club.breezy.hr/","Breezy",""
"62","Backpack Travel","https://www.backpackertravel.org/job-openings/","",""
"64","Cloudbeds","https://www.cloudbeds.com/careers/","",""
"65","OnTheGoSystems","https://www.onthegosystems.com/jobs/","","No"
"66","Human Made","https://apply.workable.com/humanmade/","Workable",""
"67","rtCamp","https://rtcamp.com/careers/","",""
"69","Airbrake","https://jobs.airbrake.io/","","No"
"70","15Five","https://jobs.lever.co/15five/","Lever",""
"71","DNSimple","https://dnsimple.com/jobs","",""
"72","DuckDuckGo","https://duckduckgo.recruitee.com/","Recruitee",""
"73","FirstBaseHQ","https://firstbasehq.com/careers","",""
"74","Overleaf","https://apply.workable.com/overleaf/","Workable",""
"76","Requis","https://requis.breezy.hr/","Breezy",""
"77","Toptal","https://www.toptal.com/careers","",""
"78","Bandcamp","https://bandcamp.com/jobs","","No"
"79","Circular","https://trycircular.recruitee.com/","Recruitee",""
"80","Flexjobs","https://www.flexjobs.com/careers-at-flexjobs","","No"
"81","Hopin","https://boards.greenhouse.io/hopin/","Greenhouse",""
"82","Action Verb","https://www.actionverb.com/","",""
"83","Ad Hoc","https://boards.greenhouse.io/adhocteam","Greenhouse",""
"84","Aha!","https://www.aha.io/company/careers","",""
"85","Alley Interactive","https://alley.co/jobs/","",""
"86","Bluespark","https://www.bluespark.com/careers","",""
"87","Close.io","https://jobs.lever.co/close.io/","Lever",""
"88","CROmetrics","https://crometrics.com/jobs/","",""
"89","Customer.io","https://boards.greenhouse.io/customerio","Greenhouse",""
"90","Dotsub","https://dotsub.com/jobs","",""
"91","Elastic","https://www.elastic.co/about/careers","",""
"92","FineTune Learning","https://www.finetunelearning.com/careers.html","","No"
"93","FlexJobs","https://www.flexjobs.com/FlexJobsTeam.aspx","",""
"94","Four Kitchens","https://www.fourkitchens.com/careers/","",""
"96","HiringThing","https://careers.hiringthing.com","",""
"97","HubStaff","https://hubstaff.com/jobs","",""
"99","MonetizeMore","https://www.monetizemore.com/about-us/careers/","",""
"101","On The Go Systems","https://www.onthegosystems.com/jobs/","","No"
"102","Parse.ly","https://boards.greenhouse.io/wordpressvip","Greenhouse",""
"104","Rainforest QA","https://jobs.lever.co/rainforest","Lever",""
"108","SitePen","https://www.sitepen.com/about/jobs.html","",""
"109","Spreaker","https://www.spreaker.com/jobs","",""
"110","TaxJar","https://www.taxjar.com/careers/#postings","Greenhouse",""